{
  "chromosome": [
    0.0, 0.0, 0.59,
    -0.3589, 0.0007795, 0.1819, -0.06013, -0.4674, -0.5823, 0.1791, 0.7236, 0.07065,
    0.03549, 0.002469, -0.1293, -0.01543, -0.4452, -0.1172, -0.04021, -0.2481, -0.04262,
    0.08934, 2.043, -0.04194, -0.05112, 0.05957, 0.01783, -0.1814, 0.09041, 0.1032,
    0.04423, 0.4187, 0.004397, 1.403, -0.4343, -0.01592, -2.257, -0.01354, 0.01927,
    -0.008059, 1.816, -0.3778, -1.079, -0.05322, -0.0891, -1.078, -0.01708, -0.05121,
    -0.006906, -0.002013, -0.002387, 0.06962, -0.0397, -0.1886, 0.05016, -0.05927,
    0.005822, 0.0003452, 0.006483, 1.228, 0.02105, 0.001104, 2.225, -0.06563, 0.008466,
    -0.3181, -0.1461, 0.02049, 0.007368, 0.1644, -0.8193, 0.846, -0.3461, -0.2827,
    0.01334, 0.2985, -0.7658, 0.05494, 0.00125, 0.0622, 0.3135, -3.457, 0.001295,
    0.0521, 0.3025, 0.03983, -1.027, -0.01423, 0.2554, -0.1444, 0.05915, -1.233,
    0.2153, -1.595, -0.0678, -0.001974, -0.226, -0.1352, -0.01303, 0.2186, 0.01779,
    0.005929, 0.03285, 0.05737, 0.164, 0.01589, 0.03641, 0.01177, -0.3505, 0.00289,
    -0.006236, -0.008962, 0.4554, -0.09093, 0.1701, -0.6181, -0.07378, -0.0001976,
    -1.345, -0.007461, -0.2924, -0.2947, 0.5753, -0.002038, 0.1333, 0.01929, 0.004686,
    -0.0555, -0.006511, -0.3699, -0.0007063, 0.05541, 0.1035, 0.303, 0.6218, -0.0004555,
    -0.09905, -0.3791, 0.4082, 0.1128, -0.01693, 0.02081, -0.2623, -0.1504, -0.05866
  ],
  "description": "Best chromosome from paper - Solar Oberth + JGA trajectory",
  "fitness_score": null,
  "architecture": {
    "n_hidden_layers": 0,
    "n_neurons_per_layer": 20
  }
}
